maturity_years,cds_spread_bps,cds_spread,avg_hazard,fwd_hazard,fwd_default_prob,survival_T,cum_default_prob
1,100,0.01,0.024999999999999998,0.025000000000000053,0.024690087971667385,0.9753099120283326,0.024690087971667385
3,110,0.011,0.027499999999999997,0.028749999999999963,0.05449847417152809,0.9208114378568045,0.07918856214319547
5,120,0.012,0.03,0.03374999999999997,0.06010346143174672,0.8607079764250578,0.1392920235749422
7,120,0.012,0.03,0.029999999999999995,0.05012373045487073,0.8105842459701871,0.18941575402981292
10,125,0.0125,0.03125,0.03416666666666666,0.0789686170235453,0.7316156289466418,0.2683843710533582
