Maturity,CDS Rate (in bps),(Average) Hazard Rate,Forward Hazard Rate (between T_{i-1} and T_i),Default Probability (between T_{i-1} and T_i)
1Y,100,0.024999999999999998,0.025000000000000053,0.024690087971667385
3Y,110,0.027499999999999997,0.028749999999999963,0.05449847417152809
5Y,120,0.03,0.03374999999999997,0.06010346143174672
7Y,120,0.03,0.029999999999999995,0.05012373045487073
10Y,125,0.03125,0.03416666666666666,0.0789686170235453
