Scenario,ρ,E[V1],Std(V1),Min(V1),Max(V1),Mean(Loss),Std(Loss),Min(Loss),Max(Loss)
"Portfolio I, ρ=0%",0.0,1499.9502114913023,5.631729485070805,1399.560770787251,1512.3013428975719,0.04978850869746489,5.631729485070805,-12.301342897571885,100.43922921274907
"Portfolio I, ρ=100%",1.0,1500.0054668950904,7.471735790412785,1350.7855723301034,1515.2288541014755,-0.005466895090704611,7.471735790412786,-15.228854101475463,149.21442766989662
"Portfolio II, ρ=33%",0.33,1498.793202155781,56.74974184273625,1021.3292746111326,1608.4109107607023,1.2067978442191616,56.74974184273625,-108.41091076070234,478.67072538886737
"Portfolio II, ρ=100%",1.0,1499.6683249242883,67.62208999515326,1021.3292746111326,1655.5439862691987,0.33167507571187077,67.62208999515327,-155.54398626919874,478.67072538886737
