maturity_years,cds_spread_bps,cds_spread,solved_forward_hazard,premium_leg_pv,protection_leg_pv,npv
1.0,100.0,0.01,0.02490679736383791,0.00969408589897079,0.00969408589897078,1.0408340855860843e-17
3.0,110.0,0.011,0.028754407941144977,0.030237794895194698,0.030237794895213596,-1.8898077547291336e-14
5.0,120.0,0.012,0.03423898135338987,0.05187137281599382,0.05187137281607042,-7.65984498052319e-14
7.0,120.0,0.012,0.029888269247578175,0.06855005447015519,0.06855005447017576,-2.0566881531181025e-14
10.0,125.0,0.0125,0.0351244328409196,0.09368964418764948,0.09368964418764951,-2.7755575615628914e-17
