Maturity,CDS Rate (in bps),(Average) Hazard Rate,Forward Hazard Rate (between T_{i-1} and T_i),Forward Default Probability (between T_{i-1} and T_i)
1Y,100.0,0.02490679736383791,0.02490679736383791,0.02459918228053204
3Y,110.0,0.02747187108204262,0.028754407941144977,0.05451167229579579
5Y,120.0,0.030178715190581518,0.03423898135338987,0.060949933422968616
7Y,120.0,0.030095730635437707,0.029888269247578175,0.04989796828796533
10Y,125.0,0.03160434129708227,0.0351244328409196,0.08101344349473849
