maturity_years,cds_spread_bps,cds_spread,avg_hazard,fwd_hazard,fwd_default_prob,survival_T,cum_default_prob
1.0,100.0,0.01,0.02490679736383791,0.02490679736383791,0.02459918228053204,0.975400817719468,0.02459918228053204
3.0,110.0,0.011,0.02747187108204262,0.028754407941144977,0.05451167229579579,0.9208891454236722,0.07911085457632783
5.0,120.0,0.012,0.030178715190581518,0.03423898135338987,0.060949933422968616,0.8599392120007036,0.14006078799929644
7.0,120.0,0.012,0.030095730635437707,0.029888269247578175,0.04989796828796533,0.8100412437127382,0.18995875628726178
10.0,125.0,0.0125,0.03160434129708227,0.0351244328409196,0.08101344349473849,0.7290278002179997,0.27097219978200027
