Scenario,ρ,E[V1],Std(V1),Min(V1),Max(V1),Mean(Loss),Std(Loss),Min(Loss),Max(Loss)
"Portfolio I, ρ=0%",0.0,1476.50404929,0.5784402630453773,1472.80755,1477.9389,0.035950709999977105,0.5784402630453773,-1.3989000000001397,3.7324499999999716
"Portfolio I, ρ=100%",1.0,1476.4343610000003,10.437862315468632,1174.3200000000002,1492.5000000000002,0.10563899999994464,10.43786231546863,-15.960000000000264,302.2199999999998
"Portfolio II, ρ=33%",0.33,1323.3485159700003,24.925166415751008,1078.1884499999999,1406.9743499999997,0.16148402999968667,24.925166415751008,-83.46434999999997,245.3215499999999
"Portfolio II, ρ=100%",1.0,1323.4725,59.97997973384544,899.9999999999998,1491.7575000000002,0.037499999999585906,59.97997973384544,-168.2475000000004,423.51
