Scenario,ρ,E[V1],Std(V1),Min(V1),Max(V1),Mean(Loss),Std(Loss),Min(Loss),Max(Loss)
"Portfolio I, ρ=0%",0.0,1499.9622920669813,0.5951806132910389,1496.1428953954528,1501.4462820736153,0.03770793301862864,0.5951806132910389,-1.4462820736152935,3.857104604547203
"Portfolio I, ρ=100%",1.0,1499.8896661305948,10.729116445470304,1190.6467548740918,1516.8292420743173,0.11033386940513329,10.729116445470304,-16.829242074317335,309.3532451259082
"Portfolio II, ρ=33%",0.33,1499.8143631313633,28.586036726747576,1221.0549141773815,1595.7508645788294,0.1856368686366453,28.586036726747576,-95.75086457882935,278.94508582261847
"Portfolio II, ρ=100%",1.0,1499.9653284910307,68.51546355866904,1021.3292746111327,1692.7420942381636,0.034671508969533894,68.51546355866904,-192.74209423816365,478.67072538886725
